{"schemaVersion":"1.0","appDefinitionTemplate":{"id":"/providers/Microsoft.PowerApps/apps/","type":"Microsoft.PowerApps/apps","tags":{"primaryDeviceWidth":"1366","primaryDeviceHeight":"768","supportsPortrait":"true","supportsLandscape":"true","primaryFormFactor":"Tablet","publisherVersion":"3.22091.27","minimumRequiredApiVersion":"2.2.0","hasComponent":"true","hasUnlockedComponent":"true","isUnifiedRootApp":"false","sienaVersion":"20221004T093044Z-3.22091.27.0"},"properties":{"appVersion":"2022-10-04T09:30:44Z","lifeCycleId":"Published","createdByClientVersion":{"major":3,"minor":22091,"build":27,"revision":0,"majorRevision":0,"minorRevision":0},"minClientVersion":{"major":3,"minor":22091,"build":27,"revision":0,"majorRevision":0,"minorRevision":0},"backgroundColor":"RGBA(0,176,240,1)","backgroundImageUri":"/2658555937401066122/Na52606e4-6248-47a9-9653-46d4c116ab38-logoSmallFile","displayName":"Granamic UI App","description":"","commitMessage":"","appUris":{"documentUri":{"value":"/2658555937401066122/N945e3435-3100-4d84-a099-8d0b52ef43e9-document.msapp"},"imageUris":[],"additionalUris":[]},"createdTime":"0001-01-01T00:00:00Z","lastModifiedTime":"0001-01-01T00:00:00Z","sharedGroupsCount":0,"sharedUsersCount":0,"icons":{"smallIconUri":"/2658555937401066122/Nf83a992b-216b-4f1a-8527-0f9b8d7f4b14-small.png","mediumIconUri":"/2658555937401066122/N43fd1f90-9ce8-46bc-9848-a15501c29b35-medium.png","largeIconUri":"/2658555937401066122/N6fffe53d-cc83-48fd-a844-43dfd0d86af4-large.png","wideIconUri":"/2658555937401066122/N1bd3e3ac-9a93-4e06-9602-4fcfd9fa9fa9-wide.png"},"connectionReferences":{},"databaseReferences":{},"almMode":"Environment","performanceOptimizationEnabled":true,"canConsumeAppPass":true,"enableModernRuntimeMode":false,"executionRestrictions":{"isTeamsOnly":false,"dataLossPreventionEvaluationResult":{"status":"Compliant","lastEvaluationDate":"2022-10-04T09:31:00.6013993Z","violations":[],"violationsByPolicy":[],"violationErrorMessage":"The app uses the following connectors: ."}}},"appType":"ClassicCanvasApp","appComponents":[]}}